Wall time,Step,Value
1576418196.9781077,0,0.7665506601333618
1576418494.8522239,1,0.8876389265060425
1576418793.3748972,2,0.9219527840614319
1576419091.2665591,3,0.943321704864502
1576419391.5902374,4,0.957188606262207
1576419686.199677,5,0.9660964012145996
1576419983.7704115,6,0.9692332148551941
1576420280.1961317,7,0.9750728011131287
1576420580.917954,8,0.9761558771133423
1576420880.7984743,9,0.9790799021720886
1576421181.3412745,10,0.9797284603118896
1576421482.1661785,11,0.9824219942092896
1576421785.4361231,12,0.9836453199386597
1576422082.9665434,13,0.9646883606910706
1576422383.9063618,14,0.9805352687835693
1576422686.5775287,15,0.9848974347114563
1576422988.6686625,16,0.9863414764404297
1576423286.907698,17,0.9870702624320984
1576423587.9398642,18,0.987861156463623
1576423886.7557983,19,0.9881244897842407
1576424190.9759,20,0.9883736968040466
1576424491.997277,21,0.9886137247085571
1576424797.155823,22,0.9886891841888428
1576425101.546491,23,0.9893463253974915
1576425403.5531487,24,0.9897186160087585
1576425710.3628356,25,0.9902388453483582
1576426011.3476725,26,0.9906139969825745
1576426319.3622916,27,0.9907568097114563
1576426626.2104173,28,0.9911183714866638
1576426931.895982,29,0.9915395379066467
