Wall time,Step,Value
1576418196.97823,0,0.8710871338844299
1576418494.8522682,1,0.9056978821754456
1576418793.3749318,2,0.9239425659179688
1576419091.2665944,3,0.944696843624115
1576419391.5902703,4,0.9592286348342896
1576419686.1997297,5,0.9581606984138489
1576419983.7704473,6,0.967721164226532
1576420280.196197,7,0.9685066342353821
1576420580.9179885,8,0.9710253477096558
1576420880.7985249,9,0.9754091501235962
1576421181.3413122,10,0.9739080667495728
1576421482.1662655,11,0.9787954092025757
1576421785.4361784,12,0.9793501496315002
1576422082.9665866,13,0.9689323306083679
1576422383.9064116,14,0.9795554280281067
1576422686.5775921,15,0.9809457063674927
1576422988.668719,16,0.981685221195221
1576423286.907745,17,0.9814287424087524
1576423587.9399006,18,0.9827463030815125
1576423886.7558372,19,0.9819268584251404
1576424190.975937,20,0.9826651215553284
1576424491.997313,21,0.9826118350028992
1576424797.1558712,22,0.9836395382881165
1576425101.5465279,23,0.9837526082992554
1576425403.553197,24,0.9836217164993286
1576425710.362874,25,0.9846684336662292
1576426011.3477108,26,0.9842084646224976
1576426319.3623443,27,0.9847734570503235
1576426626.2104564,28,0.9849755167961121
1576426931.8960254,29,0.9850368499755859
